{"cameraMode":{"drawMode":0,"name":"Shaded","section":"Shading Mode"},"sceneLighting":false,"audioPlay":false,"sceneViewState":{"showFog":true,"showMaterialUpdate":false,"showSkybox":true,"showFlares":true,"showImageEffects":true,"showParticleSystems":true},"in2DMode":false,"pivot":{"x":0.9102758169174194,"y":1.295812726020813,"z":0.9743567705154419},"rotation":{"x":-0.012771356850862503,"y":0.9833983182907105,"z":-0.16406236588954926,"w":-0.07656357437372208},"size":3.7512118816375734,"orthographic":false}